orgope,mpio_inegi,estado
Comisión Ciudadana de Agua Potable y Alcantarillado del Municipio de Aguascalientes (CCAPAMA),Aguascalientes,Aguascalientes
Sistema de Agua Potable y Alcantarillado de Asientos (SAPA),Asientos,Aguascalientes
Organismo Operador de Servicios de Agua de Calvillo (OOSAC),Calvillo,Aguascalientes
Comisión de Agua Potable Alcantarillado y Saneamiento del Municipio de Jesús María (CAPAS),Jesús María,Aguascalientes
Comisión Estatal de Servicios Públicos de Ensenada (CESPE),Ensenada,Baja California
Comisión Estatal de Servicios Públicos de Mexicali (CESPM),Mexicali,Baja California
Comisión Estatal de Servicios Públicos de Tecate (CESPTE),Tecate,Baja California
Comisión Estatal de Servicios Públicos de Tijuana (CESPT),Tijuana,Baja California
Organismo Operador Municipal del Sistema de Agua Potable Alcantarillado y Saneamiento de La Paz (OOMSAPAS),La Paz,Baja California Sur
Organismo Operador Municipal del Sistema de Agua Potable y Alcantarillado de Loreto (OOMSAPAL),Loreto,Baja California Sur
Organismo Operador Municipal del Sistema de Agua Potable Alcantarillado y Saneamiento de Los Cabos (OOMSAPAS),Los Cabos,Baja California Sur
Organismo Operador Municipal del Sistema de Agua Potable Alcantarillado y Saneamiento de Santa Rosalía Mulege (OOMSAPA),Mulegé,Baja California Sur
Sistema Municipal de Agua Potable y Alcantarillado de Campeche (SMAPAC),Campeche,Campeche
Sistema Municipal de Agua Potable y Alcantarillado de Carmen (SMAPAC),Carmen,Campeche
Comité de Agua Potable y Alcantarillado Municipal de Comitán de Domínguez (COAPAM),Comitán de Domínguez,Chiapas
Sistema de Agua Potable y Alcantarillado del Municipio de Palenque (SAPAM),Palenque,Chiapas
Sistema de Agua Potable y Alcantarillado Municipal de San Cristóbal de Las Casas (SAPAM),San Cristóbal de las Casas,Chiapas
Comité de Agua Potable y Alcantarillado de Tapachula (COAPATAP),Tapachula,Chiapas
Sistema Municipal de Agua Potable y Alcantarillado de Tuxtla (SMAPA),Tuxtla Gutiérrez,Chiapas
Junta Municipal de Agua y Saneamiento de Cd. Camargo (JMAS),Camargo,Chihuahua
Junta Municipal de Aguas y Saneamiento de Chihuahua (JMAS),Chihuahua,Chihuahua
Junta Municipal de Aguas y Saneamiento de Cuauhtémoc (JMAS),Cuauhtémoc,Chihuahua
Junta Municipal de Agua y Saneamiento de Delicias (JMAS),Delicias,Chihuahua
Junta Municipal de Agua y Saneamiento de Guachochi (JMAS),Guachochi,Chihuahua
Junta Municipal de Agua y Saneamiento de Hidalgo del Parral (JMAS),Hidalgo del Parral,Chihuahua
Junta Municipal de Agua y Saneamiento de Juárez (JMAS),Juárez,Chihuahua
Junta Municipal de Agua y Saneamiento de Meoqui (JMAS),Meoqui,Chihuahua
Junta Municipal de Agua y Saneamiento de Nuevo Casas Grandes (JMAS),Nuevo Casas Grandes,Chihuahua
Junta Municipal de Agua y Saneamiento de Ojinaga (JMAS),Ojinaga,Chihuahua
Junta Municipal de Agua y Saneamiento de Saucillo (JMAS),Saucillo,Chihuahua
Sistema Municipal de Aguas y Saneamiento de Acuña (SIMAS),Acuña,Coahuila
Sistema Municipal de Aguas y Saneamiento de Madero (SIMAS),Francisco I. Madero,Coahuila
Sistema Municipal de Aguas y Saneamiento de Matamoros (SIMAPA),Matamoros,Coahuila
Sistema Municipal de Aguas y Saneamiento de Frontera (SIMAS),Monclova,Coahuila
Sistema Municipal de Aguas y Saneamiento de Parras (SIMAS),Parras,Coahuila
Sistema Municipal de Aguas y Saneamiento de Piedras Negras (SIMAS),Piedras Negras,Coahuila
Sistema Municipal de Aguas y Saneamiento de Sabinas (SIMAS),Sabinas,Coahuila
Aguas de Saltillo (AGSAL),Saltillo,Coahuila
Sistema Municipal de Aguas y Saneamiento de San Pedro (SIMAS),San Pedro,Coahuila
Sistema Municipal de Aguas y Saneamiento de Torreón (SIMAS),Torreón,Coahuila
Comisión Intermunicipal de Agua Potable y Alcantarillado de Colima (CIAPACOV),Colima,Colima
Comisión de Agua Potable Drenaje y Alcantarillado de Manzanillo (CAPDAM),Manzanillo,Colima
Sistema de Aguas de La Ciudad de México (SACMEX),Ciudad de México,Distrito Federal
Aguas del Municipio de Durango (AMD),Durango,Durango
Sistema Descentralizado de Agua Potable y Alcantarillado de Gómez Palacio (SIDEAPA),Gómez Palacio,Durango
Sistema Descentralizado de Agua Potable  Alcantarillado y Saneamiento del Salto Pueblo Nuevo (SIDEAPAS),Pueblo Nuevo,Durango
Junta de Agua Potable Alcantarillado y Saneamiento del Municipio de Abasolo (JAPAMA),Abasolo,Guanajuato
Junta Municipal de Agua Potable y Alcantarillado de Acámbaro (JUMAPAA),Acámbaro,Guanajuato
Comité Municipal de Agua Potable y Alcantarillado de Apaseo El Alto (CMAPA),Apaseo el Alto,Guanajuato
Comité Municipal de Agua Potable y Alcantarillado de Apaseo El Grande (CMAPA),Apaseo el Grande,Guanajuato
Junta Municipal de Agua Potable y Alcantarillado de Celaya (JUMAPA),Celaya,Guanajuato
Junta de Agua Potable y Alcantarillado de Comonfort (JAPAC),Comonfort,Guanajuato
Junta Municipal de Agua Potable y Alcantarillados de Coroneo (JUMAPASC),Coroneo,Guanajuato
Junta Municipal de Agua Potable y Alcantarillado de Cortázar (JUMAPAC),Cortazar,Guanajuato
Dirección de Agua Potable y Alcantarillado de Cuerámaro (DAPAC),Cuerámaro,Guanajuato
Sistema de Agua Potable y Alcantarillado de Doctor Mora (SAPADM),Doctor Mora,Guanajuato
Sistema Municipal de Agua Potable Alcantarillado y Saneamiento de Dolores Hidalgo (SIMAPAS),Dolores Hidalgo Cuna de la Independencia Nacional,Guanajuato
Sistema Municipal de Agua Potable y Alcantarillado de Guanajuato (SIMAPAG),Guanajuato,Guanajuato
Sistema Municipal de Agua Potable y Alcantarillado del Municipio de Huanímaro (SMAPAH),Huanímaro,Guanajuato
Junta de Agua Potable y Alcantarillado de Irapuato (JAPAMI),Irapuato,Guanajuato
Sistema Municipal de Agua Potable y Alcantarillado de Jaral del Progreso (SMAPAJ),Jaral del Progreso,Guanajuato
Sistema Municipal de Agua Potable Alcantarillado y Saneamiento del Municipio de Jerécuaro (SMAPASMJ),Jerécuaro,Guanajuato
Sistema de Agua Potable y Alcantarillado de León (SAPAL),León,Guanajuato
Sistema Municipal de Agua Potable y Alcantarillado de Ciudad Manuel Doblado (SMAPA),Manuel Doblado,Guanajuato
Sistema Municipal de Agua Potable y Alcantarillado de Moroleón (SMAPAM),Moroleón,Guanajuato
Dirección de Agua Potable y Alcantarillado de Ocampo (SAPAO),Ocampo,Guanajuato
Comité Municipal de Agua Potable y Alcantarillado de Pénjamo (CMAPP),Pénjamo,Guanajuato
Sistema Municipal de Agua Potable y Alcantarillado de Purísima del Rincón (SAPAP),Purísima del Rincón,Guanajuato
Sistema Municipal de Agua Potable y Alcantarillado de Romita (SAPAR),Romita,Guanajuato
Comite Municipal de Agua Potable y Alcantarillado de Salamanca (CMAPAS),Salamanca,Guanajuato
Sistema Municipal de Agua Potable y Alcantarillado de Salvatierra (SMAPAS),Salvatierra,Guanajuato
Comité Municipal de Agua Potable y Alcantarillado de San Diego de La Unión (CMAPAS),San Diego de la Unión,Guanajuato
Junta Municipal de Agua Potable y Alcantarillado de San Felipe (JMAPA),San Felipe,Guanajuato
Sistema de Agua Potable y Alcantarillado de San Francisco del Rincón (SAPAF),San Francisco del Rincón,Guanajuato
Sistema Municipal de Agua Potable y Alcantarillado de José Iturbide (SMAPA),San José Iturbide,Guanajuato
Junta de Agua Potable y Alcantarillado de San Luis de La Paz (JAPASP),San Luis de la Paz,Guanajuato
Sistema de Agua Potable y Alcantarillado de San Miguel Allende (SAPASMA),San Miguel de Allende,Guanajuato
Sistema Municipal de Agua Potable y Alcantarillado de Santa Catarina (SMAPASC),Santa Catarina,Guanajuato
Comité Municipal de Agua Potable y Alcantarillado de Juventino Rosas (CMAPAJ),Santa Cruz de Juventino Rosas,Guanajuato
Sistema Municipal de Agua Potable y Alcantarillado de Santiago Maravatio (SMAPASM),Santiago Maravatío,Guanajuato
Sistema de Agua Potable y Alcantarillado de Silao (SAPAS),Silao,Guanajuato
Comité Municipal de Agua Potable de Tarandacuao (CMAPT),Tarandacuao,Guanajuato
Sistema Municipal de Agua Potable y Alcantarillado de Tarimoro (SAPAT),Tarimoro,Guanajuato
Sistema de Agua Potable y Alcantarillado de Tierra Blanca (SAPATP),Tierra Blanca,Guanajuato
Sistema Municipal de Agua Potable y Alcantarillado de Uriangato (SMAPAU),Uriangato,Guanajuato
Sistema de Agua Potable y Alcantarillado Municipal de Valle de Santiago (SAPAM),Valle de Santiago,Guanajuato
Dirección de Ecología Agua Potable Alcantarillado y Saneamiento del Municipio de Victoria (DEAPASMV),Victoria,Guanajuato
Junta Municipal de Agua Potable y Alcantarillado de Villagrán (JUMAPAV),Villagrán,Guanajuato
Sistema Municipal de Agua Potable y Alcantarillado de Yuriria (SMAPAY),Yuriria,Guanajuato
Comisión de Agua Potable y Alcantarillado de Acapulco (CAPAMA),Acapulco de Juárez,Guerrero
Comisión de Agua Potable y Alcantarillado de Chilpancingo (CAPACH),Chilpancingo de los Bravo,Guerrero
Comisión de Agua Potable y Alcantarillado del Municipio de Iguala (CAPAMI),Iguala de la Independencia,Guerrero
Comisión de Agua Potable y Alcantarillado de Taxco (CAPAT),Taxco de Alarcón,Guerrero
Comisión de Agua Potable y Alcantarillado de Zihuatanejo (CAPAZ),Zihuatanejo de Azueta,Guerrero
Comisión de Agua del Municipio de Huasca de Ocampo (COAMH),Huasca de Ocampo,Hidalgo
Comisión de Agua Potable Alcantarillado y Saneamiento de Huejutla de Reyes (CAPASHH),Huejutla de Reyes,Hidalgo
Comisión de Agua Potable Alcantarillado y Saneamiento del Municipio de Ixmiquilpan (CAPASMIH),Ixmiquilpan,Hidalgo
Comisión de Agua y Alcantarillado de Sistemas Intermunicipales Pachuca (CAASIM),Pachuca de Soto,Hidalgo
Comisión de Agua y Alcantarillado del Municipio de Tepeji del Río de Ocampo Hidalgo (CAAMTROH),Tepeji del Río de Ocampo,Hidalgo
Comisión de Agua y Alcantarillado del Municipio de Tulancingo de Bravo Hidalgo (CAAMT),Tulancingo de Bravo,Hidalgo
Sistema de Agua Potable Alcantarillado y Saneamiento del Municipio de Amacueca (SAPASA),Amacueca,Jalisco
Sistema de Agua Potable Alcantarillado y Saneamiento del Municipio de Arandas (SIMAPAAJ),Arandas,Jalisco
Sistema Municipal de Agua Potable y Alcantarillado de Chapala (SIMAPA),Chapala,Jalisco
Sistema Intermunicipal de Los Servicios de Agua Potable y Alcantarillado (SIAPA),Guadalajara,Jalisco
Sistema de Agua Potable y Alcantarillado Lagos de Moreno (SAPALAGOS),Lagos de Moreno,Jalisco
Sistema de Los Servicios de Agua Potable Drenaje y Alcantarillado de Puerto Vallarta (SEAPAL),Puerto Vallarta,Jalisco
Sistema de Agua Potable Alcantarillado y Saneamiento del Municipio de San Miguel El Alto (SAPASMA),San Miguel el Alto,Jalisco
Dirección de Agua Potable Drenaje y Alcantarillado (DAPA),Tlaquepaque,Jalisco
Sistema de Agua Potable Alcantarillado y Saneamiento del Municipio de Unión de Tula (OSIAPA),Unión de Tula,Jalisco
Sistema de Agua Potable Alcantarillado y Saneamiento del Municipio De Zapotlán El Grande (SAPAZA),Zapotlán el Grande,Jalisco
Servicios de Agua Potable Alcantarillado y Saneamiento de Atizapán de Zaragoza (SAPASA),Atizapán de Zaragoza,México
Organismo Descentralizado de Agua Potable Alcantarillado y Saneamiento Atlacomulco (ODAPASA),Atlacomulco,México
Organismo Descentralizado de Agua Potable Alcantarillado y Saneamiento de Chalco (ODAPAS),Chalco,México
Sistema de Agua Potable Alcantarillado y Saneamiento de Coacalco (SAPASAC),Coacalco de Berriozábal,México
Organismo Operador de Agua de Cuautitlán Izcalli (OPERAGUA),Cuautitlán Izcalli,México
Organismo Público Descentralizado Para La Prestación de Los Servicios de Agua Potable Alcantarillado y Saneamiento de Ecatepec (SAPASE),Ecatepec de Morelos,México
Organismo Público Descentralizado de Sistema de Agua de Huixquilucan (SAH),Huixquilucan,México
Organismo Descentralizado de Agua Potable Alcantarillado y Saneamiento de Ixtapaluca (ODAPAS),Ixtapaluca,México
Organismo Público Descentralizado de Agua Potable Alcantarillado y Saneamiento La Paz (OPDAPAS),La Paz,México
Organismo Público Descentralizado Para La Prestación de Los Servicios de Agua Potable Alcantarillado y Saneamiento de Lerma (OPDAPAS),Lerma,México
Organismo Público Descentralizado Para La Prestación de Servicios de Agua Potable Alcantarillado y Saneamiento de Metepec (OPDAPAS),Metepec,México
Organismo de Agua Potable Alcantarillado y Saneamiento de Naucalpan (OAPAS),Naucalpan de Juárez,México
Organismo Descentralizado de Agua Potable Alcantarillado y Saneamiento de Nezahualcóyotl (ODAPAS),Nezahualcóyotl,México
Sistema de Agua Potable Alcantarillado y Saneamiento de Nicolás Romero (SAPASNIR),Nicolás Romero,México
Organismo Público Descentralizado Para La Prestación de Servicios de Agua Potable Alcantarillado y Saneamiento de Tecámac (ODAPAS),Tecámac,México
Organismo Público Descentralizado Para Prestación de Los Servicios de Agua Potable Alcantarillado y Saneamiento de Tlalnepantla (OPDM),Tlalnepantla de Baz,México
Organismo de Agua y Saneamiento de Toluca (AYST),Toluca,México
Agua Potable Alcantarillado y Saneamiento de Tultitlán (APAST),Tultitlán,México
Organismo Descentralizado de Agua Potable Alcantarillado y Saneamiento Valle de Chalco Solidaridad (ODAPAS),Valle de Chalco Solidaridad,México
Comité Municipal de Agua Potable Alcantarillado y Saneamiento del Municipio de Aguililla (COMAPAS),Aguililla,Michoacán de Ocampo
Comité de Agua Potable y Alcantarillado de Charo (CAPA),Charo,Michoacán de Ocampo
Comité de Agua Potable Alcantarillado del Municipio de Erongaricuaro (CAPAME),Erongarícuaro,Michoacán de Ocampo
Sistema de Agua Potable Drenaje y Alcantarillado de Ciudad Hidalgo (SAPA),Hidalgo,Michoacán de Ocampo
Comité de Agua Potable y Alcantarillado del Municipio de Ixtlán Michoacán (CAPAMIM),Ixtlán,Michoacán de Ocampo
Sistema de Agua Potable Alcantarillado y Saneamiento de La Piedad (SAPAS),La Piedad,Michoacán de Ocampo
Comité de Agua Potable y Alcantarillado de Lázaro Cárdenas (CAPALAC),Lázaro Cárdenas,Michoacán de Ocampo
Organismo Operador de Agua Potable Alcantarillado y Saneamiento de Morelia (OOAPAS),Morelia,Michoacán de Ocampo
Pro Mantenimiento del Sistema de Agua Potable Alcantarillado y Saneamiento del Municipio de Pátzcuaro Michoacan (OOAPAS),Pátzcuaro,Michoacán de Ocampo
Organismo Operador de Agua Potable Alcantarillado y Saneamiento de Quiroga (OOAPASQ),Quiroga,Michoacán de Ocampo
Comité de Agua Potable y Alcantarillado del Municipio de Tacámbaro (COMAPA),Tacámbaro,Michoacán de Ocampo
Organismo Operador de Agua Potable Alcantarillado y Saneamiento de Tzintzuntzan (OOAPAS),Tzintzuntzan,Michoacán de Ocampo
Comisión de Agua Potable Alcantarillado y Saneamiento de Uruapan (CAPASU),Uruapan,Michoacán de Ocampo
Sistema de Agua Potable Alcantarillado y Saneamiento de Zacapu (SAPAS),Zacapu,Michoacán de Ocampo
Sistema de Agua Potable y Alcantarillado de Zamora (SAPAZ),Zamora,Michoacán de Ocampo
Sistema Operador de Agua Potable y Saneamiento de Cuautla (SOAPSC),Cuautla,Morelos
Sistema de Agua Potable y Alcantarillado de Cuernavaca (SAPAC),Cuernavaca,Morelos
Sistema de Conservación Agua Potable y Saneamiento de Agua de Emiliano Zapata (SICAPEZ),Emiliano Zapata,Morelos
Sistema de Conservación de Agua Potable y Saneamiento de Jiutepec (SCAPSJ),Jiutepec,Morelos
Sistema de Agua Potable y Saneamiento de Jojutla (SAPSJ),Jojutla,Morelos
Sistema Operador Intermunicipal de Agua y Saneamiento de Tequesquitengo (SOAPT),Jojutla,Morelos
Organismo Operador Municipal de Conservación de Agua Potable de Puente de Ixtla (OOMCAPPI),Puente de Ixtla,Morelos
Sistema de Conservación Agua Potable y Saneamiento de Agua de Temixco Morelos (SCAPSATM),Temixco,Morelos
Sistema Operador de Agua Potable del Ayuntamiento de Tlaltizapán (SOAP),Tlaltizapán,Morelos
Sistema de Agua Potable del Municipio de Xochitepec Morelos (SAPMXO),Xochitepec,Morelos
Sistema de Conservación de Agua Potable y Saneamiento de Zacatepec (SCAPSZ),Zacatepec,Morelos
Organismo Operador Municipal de Agua Potable Alcantarillado y Saneamiento de Acaponeta (OROMAPASA),Acaponeta,Nayarit
Organismo Operador Municipal de Agua Potable y Alcantarillado de Amatlán de Cañas (OROMAPAS),Amatlán de Cañas,Nayarit
Organismo Operador Municipal de Agua Potable Alcantarillado y Saneamiento de Bahía de Banderas (OROMAPAS),Bahía de Banderas,Nayarit
Sistema de Agua Potable y Alcantarillado de Jala (SIAPA),Jala,Nayarit
Organismo Operador Municipal de Agua Potable Alcantarillado y Saneamiento de Rosamorada (OROMAPAS),Rosamorada,Nayarit
Organismo Operador Municipal de Agua Potable Alcantarillado y Saneamiento de Ruíz (OROMAPASR),Ruíz,Nayarit
Organismo Operador Municipal de Agua Potable Alcantarillado y Saneamiento de Santa María del Oro (OROMAPAS),Santa María del Oro,Nayarit
Organismo Operador Municipal de Agua Potable Alcantarillado y Saneamiento de Tecuala (OROMAPAS),Tecuala,Nayarit
Sistema Integral de Agua Potable y Alcantarillado de Tepic (SIAPA),Tepic,Nayarit
Organismo Operador Municipal de Agua Potable Alcantarillado y Saneamiento de Tuxpan (OROAPAS),Tuxpan,Nayarit
Organismo Operador Municipal de Agua Potable Alcantarillado y Saneamiento de Xalisco (OROMAPAS),Xalisco,Nayarit
Servicios de Agua y Drenaje En Monterrey (SADM),Monterrey,Nuevo León
Servicios de Agua Potable y Alcantarillado de Oaxaca (SAPAO),Oaxaca de Juárez,Oaxaca
Sistema de Agua Potable (SAP),Santa María del Tule,Oaxaca
Sistema Operador de Agua Potable y Alcantarillado del Municipio de Atlixco (SOAPAMA),Atlixco,Puebla
Empresa de Servicios de Agua Potable y Alcantarillado de Huauchinango (ESAPAH),Huauchinango,Puebla
Sistema Operador de Agua Potable de Izúcar de Matamoros (SOSAPAMIM),Izúcar de Matamoros,Puebla
Sistema Operador de Agua Potable y Alcantarillado de Puebla (SOAPAP),Puebla,Puebla
Sistema Operador de Los Servicios de Agua Potable y Alcantarillado del Municipio de San Martín Texmelucan (SOSAPATEX),San Martín Texmelucan,Puebla
Sistema Operador de Agua Potable y Alcantarillado de San Pedro Cholula (SOSAPACH),San Pedro Cholula,Puebla
Organismo Operador del Servicio de Agua Potable y Alcantarillado de Tehuacán (OOSAPAT),Tehuacán,Puebla
Sistema Operador de Los Servicios de Agua Potable y Alcantarillado del Municipio de Zacatlán (SOSAPAZ),Zacatlán,Puebla
Comisión Estatal de Aguas de Querétaro (CEA),Querétaro,Querétaro
Junta de Agua Potable y Alcantarillado Municipal de San Juan del Río (JAPAM),San Juan del Río,Querétaro
Comisión de Agua Potable y Alcantarillado de Tulum  (CAPA),Tulum,Quintana roo
DHC-AGUAKAN S. A. DE C.V.,Benito Juárez,Quintana Roo
Comisión de Agua Potable y Alcantarillado de Cozumel (CAPA),Cozumel,Quintana Roo
Comisión de Agua Potable y Alcantarillado de Felipe Carrillo Puerto (CAPA),Felipe Carrillo Puerto,Quintana Roo
Comisión de Agua Potable y Alcantarillado de José María Morelos (CAPA),José María Morelos,Quintana Roo
Comisión de Agua Potable y Alcantarillado de Lázaro Cárdenas (CAPA),Lázaro Cárdenas,Quintana Roo
Comisión de Agua Potable y Alcantarillado de Bacalar (CAPA),Othón P. Blanco,Quintana Roo
Comisión de Agua Potable y Alcantarillado de Othón P. Blanco (CAPA),Othón P. Blanco,Quintana Roo
Comisión de Agua Potable y Alcantarillado de Playa del Carmen (CAPA),Playa del Carmen,Quintana Roo
Sistema de Agua Potable del Municipio De Saín Alto (SIAPASA),Playa del Carmen,Quintana Roo
Sistema de Agua Potable y Alcantarillado de Calera (SAPAC),Playa del Carmen,Quintana Roo
Sistema Municipal de Agua Potable y Alcantarillado de Jerez (SIMAPAJ),Playa del Carmen,Quintana Roo
Sistema Municipal de Agua Potable Alcantarillado y Saneamiento de Tlaltenango (SMAPAT),Playa del Carmen,Quintana Roo
Sistema de Agua y Drenaje Axtla de Terrazas (SADA),Axtla de Terrazas,San Luis Potosí
Agua Potable Alcantarillado y Saneamiento de Cárndenas (APASCAR),Cárdenas,San Luis Potosí
Organismo Paramunicipal de Agua y Drenaje de Cedral (OPAD),Cedral,San Luis Potosí
Organismo Operador de Agua Potable de Cerritos (OPAPCE),Cerritos,San Luis Potosí
Servicios de Agua Potable Alcantarilladoy Saneamiento de Charcas (SAPASCH),Charcas,San Luis Potosí
Organismo Operador del Sistema de Aguapotable y Alcantarillado de Ciudad Fernández (OOSAPA),Ciudad Fernández,San Luis Potosí
Dirección de Agua Potable Alcantarillado y Saneamiento de Ciudad Valles (DAPA),Ciudad Valles,San Luis Potosí
Direccion de Agua Potable Alcantarilladoy Saneamiento de Ebano (DAPAS),Ebano,San Luis Potosí
Servicios de Agua Potable Alcantarillado y Saneamiento de Matehuala S.L.P. (SAPSAM),Matehuala,San Luis Potosí
Organismo Operador Paramunicipal Deagua Potable Alcantarillado Ysaneamiento de Río Verde (SASAR),Rioverde,San Luis Potosí
Direccion de Agua Potable Alcantarilladoy Saneamiento de San Ciro de Acosta (DAPAS),San Ciro de Acosta,San Luis Potosí
Organismo Intermunicipal de Agua Potable Alcantarillado y Saneamiento de San Luis Potosí (INTERAPAS),San Luis Potosí,San Luis Potosí
Agua Potable Alcantarillado y Saneamiento de Tamazunchale (APAST),Tamazunchale,San Luis Potosí
Direccion de Agua Potable Alcantarilladoy Saneamiento de Tamíun (DAPAT),Tamuín,San Luis Potosí
Direccion de Agua Potable Alcantarillado y Saneamiento de Tanquian de Escobedo (DAPASTE),Tanquián de Escobedo,San Luis Potosí
Organismo Operador de Agua Potable de Villa de Reyes (OOAPVR),Villa de Reyes,San Luis Potosí
Junta de Agua Potable y Alcantarillado del Municipio de Ahome (JAPAMA),Ahome,Sinaloa
Junta Municipal de Agua Potable y Alcantarillado de Badiraguato (JUMAPAB),Badiraguato,Sinaloa
Junta de Agua Potable y Alcantarillado de Culiacán (JAPAC),Culiacán,Sinaloa
Junta Municipal de Agua Potable y Alcantarillado de Guasave (JUMAPAG),Guasave,Sinaloa
Junta Municipal de Agua Potable y Alcantarillado de Mazatlán (JUMAPAM),Mazatlán,Sinaloa
Junta de Agua Potable y Alcantarillado de Navolato (JAPAN),Navolato,Sinaloa
Junta Municipal de Agua Potable y Alcantarillado de Salvador Alvarado (JAPASA),Salvador Alvarado,Sinaloa
Organismo Operador de Agua Potable Alcantarillado y Saneamiento de Agua Prieta (OOMAPAS),Agua Prieta,Sonora
Organismo Operador Municipal de Agua Potable Alcantarillado y Saneamiento de Caborca (OOMAPAS),Caborca,Sonora
Comisión Estatal del Agua Empalme (CEA),Empalme,Sonora
Comisión Estatal de Agua de Guaymas (CEA),Guaymas,Sonora
Agua de Hermosillo (AGUAH),Hermosillo,Sonora
Organismo Operador Municipal de Agua Potable Alcantarillado y Saneamiento de Huatabampo (OOMAPASH),Huatabampo,Sonora
Organismo Operador de Agua Potable Alcantarillado y Saneamiento de Huepac (OOMAPAS),Huépac,Sonora
Organismo Operador Municipal de Agua Potable Alcantarillado y Saneamiento de Navojoa  (OOMAPASN),Navojoa,Sonora
Organismo Operador Municipal de Agua Potable y Saneamiento de Nogales (OOMAPAS),Nogales,Sonora
Organismo Operador de Agua Potable Alcantarillado y Saneamiento de Pitiquito (OOMAPAS),Pitiquito,Sonora
Organismo Operador Municipal de Agua Potable y Saneamiento de San Luis Río Colorado (OOMAPAS),San Luis Río Colorado,Sonora
Organismo Operador de Agua Potable Alcantarillado y Saneamiento de Villa Hidalgo (OOMAPAS),Villa Hidalgo,Sonora
Sistema de Aguas y Saneamiento del Municipio de Balancán (SASMUB),Balancán,Tabasco
Comisión Estatal de Agua y Saneamiento de Tabasco (CEAS),Centro,Tabasco
Comisión Municipal de Agua Potable y Alcantarillado del Municipio de Altamira Tamaulipas (COMAPA),Altamira,Tamaulipas
Comisión Municipal de Agua Potable y Alcantarillado del Municipio de El Mante Tamaulipas (COMAPA),El Mante,Tamaulipas
Comisión Municipal de Agua Potable y Alcantarillado de González (COMAPA),González,Tamaulipas
Junta de Aguas y Drenaje de Matamoros (JAD),Matamoros,Tamaulipas
Comisión Municipal de Agua Potable y Alcantarillado del Municipio de Nuevo Laredo Tamaulipas (COMAPA),Nuevo Laredo,Tamaulipas
Comisión Municipal de Agua Potable y Alcantarillado de Reynosa (COMAPA),Reynosa,Tamaulipas
Comisión Municipal de Agua Potable y Alcantarillado de Río Bravo (COMAPA),Río Bravo,Tamaulipas
Comisión Municipal de Agua Potable y Alcantarillado de Tampico (COMAPA),Tampico,Tamaulipas
Comisión Municipal de Agua Potable y Alcantarillado de Ciudad Victoria  (COMAPA),Victoria,Tamaulipas
Comisión de Agua Potable y Alcantarillado del Municipio de Apizaco (CAPAMA),Apizaco,Tlaxcala
Comisión Municipal de Agua Potable de Santa Ana Chiautempan (CAPACH),Chiautempan,Tlaxcala
Comisión de Agua Potable y Alcantarillado del Municipio de Huamantla (CAPMH),Huamantla,Tlaxcala
Comisión de Agua Potable y Alcantarillado del Municipio de Tlaxcala (CAPAM),Tlaxcala,Tlaxcala
Comisión Municipal de Agua Potable y Saneamiento de Acayuca (CMAS),Acayucan,Veracruz de Ignacio de la Llave
Comisión Municipal de Agua Potable y Saneamiento de Coatzacoalcos (CMAS),Coatzacoalcos,Veracruz de Ignacio de la Llave
Hidrosistema de Córdoba,Córdoba,Veracruz de Ignacio de la Llave
Comisión Municipal de Agua Potable y Saneamiento de Cosamaloapan (CMAS),Cosamaloapan de Carpio,Veracruz de Ignacio de la Llave
Comisión del Agua del Estado de Veracruz Oficina Operadora Martínez de La Torre (CMAPS),Martínez de la Torre,Veracruz de Ignacio de la Llave
Comisión del Agua del Estado de Veracruz Sistema Minatitlán (CMAS),Minatitlán,Veracruz de Ignacio de la Llave
Comisión Municipal de Agua Potable y Saneamiento de Pánuco (CMAS),Pánuco,Veracruz de Ignacio de la Llave
Comisión Municipal de Agua Potable y Saneamiento de Papantla (CMAPS),Papantla,Veracruz de Ignacio de la Llave
Comisión del Agua del Estado de Veracruz Oficina Operadorade Pláton Sánchez (CAEV),Platón Sánchez,Veracruz de Ignacio de la Llave
Comisión Municipal de Agua Potable y Saneamiento de Poza Rica (CMAS),Poza Rica de Hidalgo,Veracruz de Ignacio de la Llave
Comisión Municipal de Agua Potable y Saneamiento de Río Blanco (CMAS),Río Blanco,Veracruz de Ignacio de la Llave
Comisión Municipal de Agua Potable y Saneamiento de Tuxpan (CMAS),Tuxpan,Veracruz de Ignacio de la Llave
Sistema de Agua y Saneamiento de Veracruz (SAS),Veracruz,Veracruz de Ignacio de la Llave
Comisión Municipal de Agua Potable y Saneamiento de Xalapa (CMAS),Xalapa,Veracruz de Ignacio de la Llave
Junta de Agua Potable y Alcantarillado de Yucatán (JAPAY),Mérida,Yucatán
Sistema Municipal de Agua Potable y Alcantarillado de Progreso (SMAPAP),Progreso,Yucatán
Sistema de Agua Potable y Alcantarillado del Municipio de Valladolid (SAPAMV),Valladolid,Yucatán
Sistema de Agua Potable Alcantarillado y Saneamiento de Apozol (SIAPASA),Apozol,Zacatecas
Sistema de Agua Potable del Municipio De Saín Alto (SIAPASA),Calera de Víctor Rosales,Zacatecas
Sistema de Agua Potable y Alcantarillado de Calera (SAPAC),Calera de Víctor Rosales,Zacatecas
Sistema Municipal de Agua Potable y Alcantarillado de Jerez (SIMAPAJ),Calera de Víctor Rosales,Zacatecas
Sistema Municipal de Agua Potable Alcantarillado y Saneamiento de Tlaltenango (SMAPAT),Calera de Víctor Rosales,Zacatecas
Sistema de Agua Potable Alcantarillado y Saneamiento de Cañitas de Felipe Pescador (SAPAC),Cañitas de Felipe Pescador,Zacatecas
Sistema Municipal de Agua Potable Alcantarillado y Saneamiento del Municipio de Chalchihuites (SIAPASCH),Chalchihuites,Zacatecas
Sistema Municipal de Agua Potable Alcantarillado y Saneamiento de Concepción del Oro (SIMAPACO),Concepción del Oro,Zacatecas
Sistema de Agua Potable Alcantarillado y Saneamiento de Cuauhtémoc (SAPAC),Cuauhtémoc,Zacatecas
Sistema Municipal de Agua Potable Alcantarillado y Saneamiento de Fresnillo (SIAPASF),Fresnillo,Zacatecas
Sistema Municipal de Agua Potable Alcantarillado y Saneamiento de General Enrique Estrada Zac (SAPASEE),General Enrique Estrada,Zacatecas
Sistema de Agua Potable Alcantarillado y Saneamiento de General Francisco R. Murguía (SAPAS),General Francisco R. Murguía,Zacatecas
Sistema Municipal de Agua Potable Alcantarillado y Saneamiento de General Pánfilo Natera Zacatecas (SIMAPAS-GPN),General Pánfilo Natera,Zacatecas
Sistema de Agua Potable Alcantarillado y Sanamiento de Huanusco Zacatecas (SIMAPASH),Huanusco,Zacatecas
Sistema de Agua Potable Alcantarillado y Saneamiento de Jalpa (SIMAP),Jalpa,Zacatecas
Sistema de Agua Potable del Municipio De Saín Alto (SIAPASA),Jerez de García Salinas,Zacatecas
Sistema de Agua Potable y Alcantarillado de Calera (SAPAC),Jerez de García Salinas,Zacatecas
Sistema Municipal de Agua Potable y Alcantarillado de Jerez (SIMAPAJ),Jerez de García Salinas,Zacatecas
Sistema Municipal de Agua Potable Alcantarillado y Saneamiento de Tlaltenango (SMAPAT),Jerez de García Salinas,Zacatecas
Sistema Municipal de Agua Potable y Alcantarillado de Juan Aldama (SIMAPAJA),Juan Aldama,Zacatecas
Sistema Operador de Agua Potable y Alcantarillado de Juchipila (SOAPAJ),Juchipila,Zacatecas
Sistema de Agua Potable Alcantarillado y Saneamiento de Loreto San Marcos (SIAPASL-SZAC),Loreto,Zacatecas
Sistema de Agua Potable Alcantarillado y Saneamiento de Luis Moya (SIMAPALM),Luis Moya,Zacatecas
Sistema de Agua Potable Alcantarillado y Saneamiento de Monte Escobedo (SIMAPAME),Monte Escobedo,Zacatecas
Sistema Municipal de Agua Potable y Alcantarillado de Nochistlán Zacatecas (SIAPON),Nochistlán de Mejía,Zacatecas
Sistema Municipal de Agua Potable y Alcantarillado de Ojocaliente Zacatecas (SIMAPAO),Ojocaliente,Zacatecas
Sistema de Agua Potable y Alcantarillado de San Antonio del Ciprés Pánuco (SAPASAC),Pánuco,Zacatecas
Sistema de Agua Potable Alcantarillado y Saneamiento de Pinos (SAPAP),Pinos,Zacatecas
Sistema Municipal de Agua Potable y Alcantarillado y Saneamiento de Río Grande (SIMAPARG),Río Grande,Zacatecas
Comisión de Agua Potable y Alcantarillado de Playa del Carmen (CAPA),Saín Alto,Zacatecas
Sistema de Agua Potable del Municipio De Saín Alto (SIAPASA),Saín Alto,Zacatecas
Sistema de Agua Potable Alcantarillado y Saneamiento de Sombrerete (SIAPAS),Sombrerete,Zacatecas
Sistema de Agua Potable Alcantarillado y Saneamiento de Tabasco Zacatecas (SIAPAT),Tabasco,Zacatecas
Sistema de Agua Potable del Municipio de Tepechitlán (SMAPAT),Tepechitlán,Zacatecas
Sistema de Agua Potable Alcantarillado y Saneamiento de Teúl de González Ortega (SAPAS),Teúl de González Ortega,Zacatecas
Comisión de Agua Potable y Alcantarillado de Playa del Carmen (CAPA),Tlaltenango,Zacatecas
Sistema Municipal de Agua Potable Alcantarillado y Saneamiento de Tlaltenango (SMAPAT),Tlaltenango,Zacatecas
Sistema de Agua Potable Alcantarillado y Saneamiento de Trancoso (SAPAST),Trancoso,Zacatecas
Sistema de Agua Potable Alcantarillado y Saneamiento de Valparaíso (SIMAPASVA),Valparaíso,Zacatecas
Sistema de Agua Potable Alcantarillado y Saneamiento de Villa García (SAPASV),Villa García,Zacatecas
Sistema de Agua Potable y Alcantarillado de Villa Hidalgo (SAPAVH),Villa Hidalgo,Zacatecas
Sistema Municipal de Agua Potable de Villanueva (SMAP),Villanueva,Zacatecas
Junta Intermunicipal de Agua Potable y Alcantarillado de Zacatecas (JIAPAZ),Zacatecas,Zacatecas
